<?xml version="1.0" encoding="UTF-8"?>
<project-private xmlns="http://www.netbeans.org/ns/project-private/1">
    <editor-bookmarks xmlns="http://www.netbeans.org/ns/editor-bookmarks/2" lastBookmarkId="0"/>
    <open-files xmlns="http://www.netbeans.org/ns/projectui-open-files/2">
        <group>
            <file>file:/C:/Users/Pedro/Documents/4%20Periodo/POO2/Projetos/InterfaceLanchonete/src/interfacelanchonete/MenuFuncionario.java</file>
            <file>file:/C:/Users/Pedro/Documents/4%20Periodo/POO2/Projetos/InterfaceLanchonete/src/interfacelanchonete/Inicio.java</file>
            <file>file:/C:/Users/Pedro/Documents/4%20Periodo/POO2/Projetos/InterfaceLanchonete/src/interfacelanchonete/TelaCadastro.java</file>
            <file>file:/C:/Users/Pedro/Documents/4%20Periodo/POO2/Projetos/InterfaceLanchonete/src/interfacelanchonete/Cardapio.java</file>
            <file>file:/C:/Users/Pedro/Documents/4%20Periodo/POO2/Projetos/InterfaceLanchonete/src/interfacelanchonete/MenuGerente.java</file>
            <file>file:/C:/Users/Pedro/Documents/4%20Periodo/POO2/Projetos/InterfaceLanchonete/src/interfacelanchonete/CadAcompanhamento.java</file>
            <file>file:/C:/Users/Pedro/Documents/4%20Periodo/POO2/Projetos/InterfaceLanchonete/src/interfacelanchonete/Login.java</file>
            <file>file:/C:/Users/Pedro/Documents/4%20Periodo/POO2/Projetos/InterfaceLanchonete/src/interfacelanchonete/AddLanche.java</file>
        </group>
    </open-files>
</project-private>
